{"AMZN": "{\"1451520000000\":682.4800109863,\"1454198400000\":601.0615780479,\"1456704000000\":530.6199996948,\"1459382400000\":572.3740900213,\"1461974400000\":613.5942876907,\"1464652800000\":697.4738071987,\"1467244800000\":716.3904529918,\"1469923200000\":741.4674987793,\"1472601600000\":764.8391272503,\"1475193600000\":788.9652332124,\"1477872000000\":824.4390549433,\"1480464000000\":763.3352399554,\"1483142400000\":763.3252418155,\"1485820800000\":807.5050018311,\"1488240000000\":835.7452681692,\"1490918400000\":854.2400008492,\"1493510400000\":903.3857903731,\"1496188800000\":961.7195462314,\"1498780800000\":990.4440890225,\"1501459200000\":1008.483996582,\"1504137600000\":971.4365234375,\"1506729600000\":968.9924987793,\"1509408000000\":1000.7199956721,\"1512000000000\":1139.8080996559,\"1514678400000\":1168.8414916992,\"1517356800000\":1309.010945638,\"1519776000000\":1442.3631463302,\"1522454400000\":1540.3676292783,\"1525046400000\":1468.2204706101,\"1527724800000\":1594.9036365856,\"1530316800000\":1698.823811849,\"1532995200000\":1784.6490420387,\"1535673600000\":1897.8513077446,\"1538265600000\":1966.0779001336,\"1540944000000\":1782.0582646909,\"1543536000000\":1625.4838227772,\"1546214400000\":1559.4431537829,\"1548892800000\":1640.0323893229,\"1551312000000\":1626.9373650802,\"1553990400000\":1722.4919084821,\"1556582400000\":1866.2023751395,\"1559260800000\":1869.3831787109,\"1561852800000\":1852.6175048828,\"1564531200000\":1965.8822798295,\"1567209600000\":1793.602722168,\"1569801600000\":1799.1209960937,\"1572480000000\":1752.3317499575,\"1575072000000\":1774.2939941406,\"1577750400000\":1785.7728445871,\"1580428800000\":1884.2376127697,\"1582934400000\":2066.1752672697,\"1585612800000\":1872.310435902,\"1588204800000\":2228.7052408854,\"1590883200000\":2394.1840209961,\"1593475200000\":2613.5454545455,\"1596153600000\":3053.853182706,\"1598832000000\":3249.2547549293,\"1601424000000\":3160.7481050037,\"1604102400000\":3230.600419478,\"1606694400000\":3141.8079956055,\"1609372800000\":3197.75}", "NFLX": "{\"1451520000000\":115.5449981689,\"1454198400000\":105.4478948493,\"1456704000000\":89.9694999695,\"1459382400000\":99.315909299,\"1461974400000\":100.8119045439,\"1464652800000\":93.1747614543,\"1467244800000\":94.2986366966,\"1469923200000\":93.1634998322,\"1472601600000\":95.6226090141,\"1475193600000\":97.4485713414,\"1477872000000\":113.1566670736,\"1480464000000\":118.3838094076,\"1483142400000\":124.0071432931,\"1485820800000\":134.8760005951,\"1488240000000\":142.4973698666,\"1490918400000\":143.2269559114,\"1493510400000\":145.4578945762,\"1496188800000\":158.3950008046,\"1498780800000\":156.5113636364,\"1501459200000\":169.4464996338,\"1504137600000\":172.3895641824,\"1506729600000\":181.6665008545,\"1509408000000\":194.2777266069,\"1512000000000\":195.2233334496,\"1514678400000\":187.8545005798,\"1517356800000\":232.9080955869,\"1519776000000\":271.4436830219,\"1522454400000\":312.2280970982,\"1525046400000\":307.4661923363,\"1527724800000\":331.536819458,\"1530316800000\":384.1333356585,\"1532995200000\":381.515238444,\"1535673600000\":346.2578244417,\"1538265600000\":362.6415758635,\"1540944000000\":335.4456521739,\"1543536000000\":290.3447643462,\"1546214400000\":265.3026299728,\"1548892800000\":325.8142874581,\"1551312000000\":355.6078957006,\"1553990400000\":359.4357125419,\"1556582400000\":366.1457141695,\"1559260800000\":359.4499997226,\"1561852800000\":356.6159988403,\"1564531200000\":350.7818159624,\"1567209600000\":303.1281793768,\"1569801600000\":281.9454986572,\"1572480000000\":277.6365197223,\"1575072000000\":299.1254989624,\"1577750400000\":314.603809175,\"1580428800000\":338.8328566778,\"1582934400000\":373.9884225946,\"1585612800000\":350.5872705633,\"1588204800000\":404.3109508696,\"1590883200000\":433.2940002441,\"1593475200000\":438.9777277166,\"1596153600000\":499.3850028298,\"1598832000000\":498.0747622535,\"1601424000000\":495.5533331008,\"1604102400000\":515.1418137984,\"1606694400000\":487.4440002441,\"1609372800000\":516.5690904097}", "MSFT": "{\"1451520000000\":50.5819721222,\"1454198400000\":47.4225206877,\"1456704000000\":46.6645462036,\"1459382400000\":48.6565931494,\"1461974400000\":49.2674360729,\"1464652800000\":46.6116476513,\"1467244800000\":46.7353255532,\"1469923200000\":49.6558267593,\"1472601600000\":53.146554864,\"1475193600000\":52.9091186523,\"1477872000000\":53.9324880327,\"1480464000000\":55.5406891959,\"1483142400000\":57.7560481117,\"1485820800000\":58.7545406342,\"1488240000000\":59.802719317,\"1490918400000\":60.6535244817,\"1493510400000\":61.8978865774,\"1496188800000\":64.650991093,\"1498780800000\":66.341863112,\"1501459200000\":67.7458015442,\"1504137600000\":68.7115183291,\"1506729600000\":70.3142124176,\"1509408000000\":73.7143662193,\"1512000000000\":79.3867176601,\"1514678400000\":80.5662471771,\"1517356800000\":85.6200147356,\"1519776000000\":87.067024231,\"1522454400000\":88.718964713,\"1525046400000\":89.0204682123,\"1527724800000\":92.8200277849,\"1530316800000\":96.4532844907,\"1532995200000\":100.3633920579,\"1535673600000\":104.470937646,\"1538265600000\":108.0665058337,\"1540944000000\":105.1486355325,\"1543536000000\":103.563604809,\"1546214400000\":100.9480570743,\"1548892800000\":100.6981455485,\"1551312000000\":104.5342174329,\"1553990400000\":111.8091695876,\"1556582400000\":119.2489002773,\"1559260800000\":122.9457754655,\"1561852800000\":128.6569831848,\"1564531200000\":134.6112698642,\"1567209600000\":133.1900107644,\"1569801600000\":135.0720169067,\"1572480000000\":136.1611062755,\"1575072000000\":145.0077453613,\"1577750400000\":151.2951311384,\"1580428800000\":160.9309467134,\"1582934400000\":175.5706008108,\"1585612800000\":150.1089928367,\"1588204800000\":166.3302009219,\"1590883200000\":179.5954292297,\"1593475200000\":190.1390831687,\"1596153600000\":204.3289080533,\"1598832000000\":211.7288629441,\"1601424000000\":206.5306955973,\"1604102400000\":210.5694933805,\"1606694400000\":212.0246696472,\"1609372800000\":216.1513345892}",